Haushalte mit niedrigem Einkommen,Einwohner 65 Jahre und älter,Ausländeranteil,Anteil Schutzsuchender an Bevölkerung,Wahlbeteiligung,Stimmenanteile AfD,Einwohnerdichte,Frauenanteil,Age (pop. younger 18),Kennziffer,Raumeinheit,Aggregat
34.8,20.2,13.3,2.9,70.3,7.5,1560,0.5024875621890548,15.3,01001,"Flensburg, Stadt",krsfr. Stadt
38.3,18.5,11.3,3,73.5,6.9,2090,0.5121951219512195,14.7,01002,"Kiel, Stadt",krsfr. Stadt
37,23.2,9.7,2.3,70.7,8.9,1010,0.5192307692307693,15.2,01003,"Lübeck, Stadt",krsfr. Stadt
34.7,22.6,11,2.8,66,10.3,1108,0.504950495049505,16.6,01004,"Neumünster, Stadt",krsfr. Stadt
32.9,24.6,5.6,2,72.2,8.6,93,0.504950495049505,16,01051,Dithmarschen,Landkreis
27.3,22.3,7.5,2,76.8,10.2,155,0.5098039215686274,17.4,01053,Herzogtum Lauenburg,Landkreis
33,23.9,6.8,2,74.7,5.8,79,0.5098039215686274,16,01054,Nordfriesland,Landkreis
32.2,27.3,5.5,1.7,75.3,8.5,151,0.5169082125603864,14.600000000000001,01055,Ostholstein,Landkreis
25.6,22.1,10.1,2.4,78.1,8.6,471,0.5098039215686274,17,01056,Pinneberg,Landkreis
28.4,25.8,4.7,1.9,79.6,7.7,112,0.5145631067961165,16,01057,Plön,Landkreis
27.8,23.2,5,2,78.2,7.3,125,0.5073891625615763,16.9,01058,Rendsburg-Eckernförde,Landkreis
30,23.6,5.1,1.7,76.5,6.6,96,0.504950495049505,17.1,01059,Schleswig-Flensburg,Landkreis
26,21.7,8.1,2.1,76.5,9,198,0.504950495049505,17.1,01060,Segeberg,Landkreis
30.6,22.6,6.6,2.2,74.8,8.2,125,0.504950495049505,16.4,01061,Steinburg,Landkreis
21.3,23,7,2,80.4,9.1,334,0.5121951219512195,17.3,01062,Stormarn,Landkreis
33.4,18.4,16.2,2.9,75.4,7.8,2424,0.5098039215686274,16.6,02000,"Hamburg, Stadt",krsfr. Stadt
35.5,21,9.7,1.5,76.4,8.4,1287,0.504950495049505,14.600000000000001,03101,"Braunschweig, Stadt",krsfr. Stadt
33.4,22.8,16.9,4.3,70.9,16.4,466,0.5024875621890548,17.6,03102,"Salzgitter, Stadt",krsfr. Stadt
28.9,22.3,14.3,2.5,73.2,11.7,606,0.5024875621890548,16.2,03103,"Wolfsburg, Stadt",krsfr. Stadt
28.6,19.8,6.2,1.4,76.6,11.4,112,0.5,17.9,03151,Gifhorn,Landkreis
34.5,27.2,8.9,2.3,73.4,11.1,142,0.504950495049505,13.7,03153,Goslar,Landkreis
31.1,23.2,6.6,1.8,73.7,9.9,136,0.504950495049505,15.7,03154,Helmstedt,Landkreis
32.2,25.3,5.9,2,74.8,9.5,105,0.5073891625615763,15.2,03155,Northeim,Landkreis
31.1,21.4,7.2,2.1,77,10.3,249,0.504950495049505,17.6,03157,Peine,Landkreis
31.7,23.4,5.9,1.9,79.3,9.9,166,0.504950495049505,15.8,03158,Wolfenbüttel,Landkreis
34.6,22.3,8.1,1.9,76.3,8.1,187,0.5073891625615763,15.1,03159,Göttingen,Landkreis
33.5,21.1,13.1,3,76.7,9.4,502,0.5098039215686274,16.5,03241,Region Hannover,Landkreis
27.3,22.2,7.8,2.1,76.2,8.4,108,0.5024875621890548,16.7,03251,Diepholz,Landkreis
32.9,25.4,9.7,2.8,74.1,10.5,186,0.5169082125603864,15.7,03252,Hameln-Pyrmont,Landkreis
30.6,23.2,7.6,2.2,77.1,9.3,229,0.5121951219512195,15.6,03254,Hildesheim,Landkreis
32.2,26,7,2,73.9,9.6,102,0.504950495049505,15.2,03255,Holzminden,Landkreis
31.7,22,7.7,2.8,72.8,9.8,87,0.5024875621890548,17,03256,Nienburg (Weser),Landkreis
31.2,24.4,8.2,2.5,76.2,10.3,234,0.5098039215686274,15.8,03257,Schaumburg,Landkreis
32.6,23.2,7.4,2.6,74.8,11.7,115,0.5073891625615763,17.3,03351,Celle,Landkreis
30.3,25,6.2,1.9,75.1,8.9,96,0.5098039215686274,16.2,03352,Cuxhaven,Landkreis
25.1,22.2,7.3,1.5,80.8,10,201,0.5073891625615763,17.299999999999997,03353,Harburg,Landkreis
35.1,27.6,5.3,1.3,73.6,7.8,39,0.5098039215686274,15.4,03354,Lüchow-Dannenberg,Landkreis
30.7,19.8,6.6,2.2,78.6,9.2,138,0.5121951219512195,17.299999999999997,03355,Lüneburg,Landkreis
27.5,23.2,5.3,1.8,77.8,9.6,173,0.5073891625615763,16.7,03356,Osterholz,Landkreis
30.1,20.9,6,1.8,76.5,8.1,79,0.49748743718592964,17.3,03357,Rotenburg (Wümme),Landkreis
31.8,22.3,7.7,1.8,74.6,9.7,74,0.5,16.9,03358,Heidekreis,Landkreis
28,21.2,8,2.2,76.7,9.5,159,0.5024875621890548,17.7,03359,Stade,Landkreis
33,25,5.5,1.6,75.4,9.4,63,0.5098039215686274,15.4,03360,Uelzen,Landkreis
27.3,22,7.2,2.4,77,9.7,173,0.5073891625615763,17.6,03361,Verden,Landkreis
34.1,22,14.6,4,69.6,13.1,1241,0.504950495049505,17.3,03401,"Delmenhorst, Stadt",krsfr. Stadt
33.5,21,9.7,2.6,70.7,10,450,0.5,16.7,03402,"Emden, Stadt",krsfr. Stadt
34.8,18.9,9.3,3.1,77.3,6.7,1621,0.521531100478469,15.600000000000001,03403,"Oldenburg (Oldenburg), Stadt",krsfr. Stadt
34.5,18.7,12.7,2.9,75.4,6.2,1372,0.5169082125603864,15,03404,"Osnabrück, Stadt",krsfr. Stadt
34.7,26.2,8.5,3.5,69.6,10.6,713,0.5073891625615763,14.3,03405,"Wilhelmshaven, Stadt",krsfr. Stadt
32.2,22.8,5.6,1.9,77,7.9,169,0.5098039215686274,17.4,03451,Ammerland,Landkreis
34.2,22.5,5.4,1.9,74.4,8.9,148,0.5073891625615763,16.8,03452,Aurich,Landkreis
29.7,16.2,10.1,2.1,72.3,9.1,118,0.494949494949495,20.5,03453,Cloppenburg,Landkreis
28.8,18.7,10.3,2,77,6.3,112,0.49238578680203043,18.3,03454,Emsland,Landkreis
33.4,25.8,4.3,2,75.2,8.2,162,0.5121951219512195,16,03455,Friesland,Landkreis
30,20.4,14.1,1.7,76.7,5.3,138,0.5,18.2,03456,Grafschaft Bentheim,Landkreis
34.6,21.1,7.5,1.8,73.7,9.2,156,0.5,17.4,03457,Leer,Landkreis
30.6,21,8.1,2.2,78.3,8.9,122,0.5024875621890548,17.4,03458,Oldenburg,Landkreis
27.4,20.4,7.7,1.3,76.5,7,168,0.5024875621890548,17.9,03459,Osnabrück,Landkreis
25.8,15.9,11.7,2.6,75.8,7,173,0.494949494949495,19.8,03460,Vechta,Landkreis
32.6,23.2,7.5,1.7,71.9,8.3,108,0.49748743718592964,16.200000000000003,03461,Wesermarsch,Landkreis
35.2,24.2,4.3,1.5,72.4,8.6,86,0.5073891625615763,16.6,03462,Wittmund,Landkreis
38.2,21,17.5,3.7,71.5,9.5,1741,0.5073891625615763,15.799999999999999,04011,"Bremen, Stadt",krsfr. Stadt
40.2,21.8,16.9,4,63.1,12.5,1207,0.5024875621890548,17.4,04012,"Bremerhaven, Stadt",krsfr. Stadt
29.7,19.4,19.7,3.1,76,7.9,2839,0.5169082125603864,16,05111,"Düsseldorf, Stadt",krsfr. Stadt
39.1,20.4,20.2,2.8,67.5,13.3,2140,0.504950495049505,17,05112,"Duisburg, Stadt",krsfr. Stadt
35.4,21.5,15.3,3.9,73.3,11.4,2774,0.5145631067961165,16,05113,"Essen, Stadt",krsfr. Stadt
34.3,22,15.5,2.5,70.9,8.3,1645,0.5121951219512195,16.5,05114,"Krefeld, Stadt",krsfr. Stadt
35.8,20.7,15.3,2.9,68.7,9.5,1538,0.5073891625615763,16.5,05116,"Mönchengladbach, Stadt",krsfr. Stadt
28.6,23.7,15.1,3.5,76.9,10.6,1876,0.5169082125603864,15.9,05117,"Mülheim an der Ruhr, Stadt",krsfr. Stadt
34.9,21.7,14.6,2.8,71.3,13.1,2743,0.5098039215686274,15.8,05119,"Oberhausen, Stadt",krsfr. Stadt
28.3,22.3,17.5,2.3,71.2,10.6,1484,0.5073891625615763,16.7,05120,"Remscheid, Stadt",krsfr. Stadt
30.8,21.4,16.2,2,72.1,9.7,1774,0.5145631067961165,16.8,05122,"Solingen, Stadt",krsfr. Stadt
35.6,20.9,18.8,3.9,72.5,10.8,2100,0.5098039215686274,17,05124,"Wuppertal, Stadt",krsfr. Stadt
26.3,20.3,14.4,1.6,74.2,6.9,252,0.5024875621890548,16.700000000000003,05154,Kleve,Landkreis
22.2,23.8,11.9,1.8,77,9.5,1192,0.5169082125603864,16.6,05158,Mettmann,Landkreis
21.8,21.8,11.4,1.9,76.6,8.6,780,0.5145631067961165,17.2,05162,Rhein-Kreis Neuss,Landkreis
26.1,21.8,9.7,1.6,75.6,7.5,530,0.5121951219512195,16.299999999999997,05166,Viersen,Landkreis
28.6,22.9,9,2,76.4,9.6,442,0.5121951219512195,15.799999999999999,05170,Wesel,Landkreis
34.4,18,16.2,2.9,78.7,7.3,2307,0.521531100478469,17.3,05314,"Bonn, Stadt",krsfr. Stadt
35.2,17.4,19.2,3,75.4,7.2,2668,0.5121951219512195,16.1,05315,"Köln, Stadt",krsfr. Stadt
31.1,21.7,15.4,2.5,74.4,10.3,2074,0.5121951219512195,17,05316,"Leverkusen, Stadt",krsfr. Stadt
34.3,20.2,14,2.5,76.4,7.4,784,0.494949494949495,15.5,05334,Städteregion Aachen,Landkreis
29.9,21.1,10.3,2.1,75.2,9.6,279,0.504950495049505,16.700000000000003,05358,Düren,Landkreis
27.1,21.3,12.1,1.8,76.5,9.6,663,0.5098039215686274,17.1,05362,Rhein-Erft-Kreis,Landkreis
27.9,21.3,7.5,1.6,74.4,9.9,154,0.5073891625615763,16.7,05366,Euskirchen,Landkreis
29.3,20.6,11.3,1.8,74.1,8.7,403,0.504950495049505,16.8,05370,Heinsberg,Landkreis
27.7,21.1,9.3,1.9,74.4,10.6,297,0.5073891625615763,17.5,05374,Oberbergischer Kreis,Landkreis
22.4,23.1,9.2,2,79.4,8,648,0.5145631067961165,16.8,05378,Rheinisch-Bergischer Kreis,Landkreis
25.2,21.1,10,1.8,78.5,9.4,519,0.5098039215686274,17.7,05382,Rhein-Sieg-Kreis,Landkreis
33.8,22.1,10.7,2.3,74.5,12.5,1167,0.5121951219512195,15.7,05512,"Bottrop, Stadt",krsfr. Stadt
39.2,20.6,19.1,2.8,67.4,17,2481,0.5024875621890548,17.4,05513,"Gelsenkirchen, Stadt",krsfr. Stadt
35.5,16.9,10.3,2.6,81.8,4.9,1034,0.521531100478469,15,05515,"Münster, Stadt",krsfr. Stadt
26.6,18.7,8.9,1.7,77.6,6.1,260,0.5,18.5,05554,Borken,Landkreis
24.6,20.4,6.1,1.7,80.6,6.2,197,0.5073891625615763,17.5,05558,Coesfeld,Landkreis
33.4,22.5,10.7,2.4,73.4,12.3,810,0.5121951219512195,16,05562,Recklinghausen,Landkreis
27.9,19.6,8.8,2.2,77.4,6.5,249,0.5024875621890548,18.2,05566,Steinfurt,Landkreis
26.5,20.9,9.8,1.8,77.4,7.4,210,0.504950495049505,17.8,05570,Warendorf,Landkreis
36.4,19.9,14.1,4.4,74.8,9,1285,0.5169082125603864,17.2,05711,"Bielefeld, Stadt",krsfr. Stadt
24,19.3,12.4,2.2,75,8.7,375,0.5,18,05754,Gütersloh,Landkreis
28.8,21.9,9,2,73.1,10.9,558,0.5098039215686274,17,05758,Herford,Landkreis
31.7,22.3,5.4,1.7,75.9,8.9,118,0.5024875621890548,16.799999999999997,05762,Höxter,Landkreis
31.9,22.3,8.3,2.1,74.5,10.8,280,0.5098039215686274,17.8,05766,Lippe,Landkreis
29.9,21.8,7.6,2.7,73.1,10.6,270,0.5073891625615763,17.5,05770,Minden-Lübbecke,Landkreis
31.4,17.8,8.9,2.3,74.4,9.9,245,0.5,17.9,05774,Paderborn,Landkreis
37.2,22,12.3,3,74.7,10.5,2509,0.5121951219512195,14.6,05911,"Bochum, Stadt",krsfr. Stadt
37.1,20.4,17,2.9,71.7,10.3,2090,0.5098039215686274,16.1,05913,"Dortmund, Stadt",krsfr. Stadt
35.7,22.5,17.4,2.8,70.1,12.8,1170,0.5121951219512195,17.1,05914,"Hagen, Stadt",krsfr. Stadt
35.4,20.7,14.6,2,71.7,11.1,791,0.5098039215686274,17.6,05915,"Hamm, Stadt",krsfr. Stadt
38.3,21.8,16.3,2.9,69.5,13.9,3043,0.5098039215686274,16.1,05916,"Herne, Stadt",krsfr. Stadt
29,23.5,10,2.4,75.9,9.8,793,0.5145631067961165,15.299999999999999,05954,Ennepe-Ruhr-Kreis,Landkreis
26.5,21.8,8.5,2.2,75.4,8,133,0.5024875621890548,16.6,05958,Hochsauerlandkreis,Landkreis
26.4,21.9,12.8,1.9,71.4,11.3,390,0.5073891625615763,16.7,05962,Märkischer Kreis,Landkreis
22.3,19.9,9.1,2.1,75.9,7.7,189,0.5,17.4,05966,Olpe,Landkreis
27.6,21.3,10.3,2.5,75.6,10.7,245,0.5024875621890548,16.200000000000003,05970,Siegen-Wittgenstein,Landkreis
28.4,21,9.2,1.9,74.5,9.3,227,0.5024875621890548,17.2,05974,Soest,Landkreis
31.4,22.6,9.5,2.8,74.5,10.3,725,0.5121951219512195,16.1,05978,Unna,Landkreis
32.8,17.3,19.3,2.3,77.9,8.4,1296,0.4897959183673469,16,06411,"Darmstadt, Stadt",krsfr. Stadt
34.4,15.7,29,2.1,74.1,8.6,3008,0.5073891625615763,16.8,06412,"Frankfurt am Main, Stadt",krsfr. Stadt
35,16.7,35,1.6,66.4,12,2822,0.504950495049505,18.4,06413,"Offenbach am Main, Stadt",krsfr. Stadt
30.2,19.9,18.8,2.9,73,11.2,1366,0.521531100478469,17.7,06414,"Wiesbaden, Stadt",krsfr. Stadt
26.1,22,12.9,2.5,77.7,12.9,374,0.504950495049505,16.1,06431,Bergstraße,Landkreis
23.8,20.6,14,2,78.6,11.1,449,0.5024875621890548,17.1,06432,Darmstadt-Dieburg,Landkreis
26.3,19.3,21.5,2.3,75.1,12.2,599,0.5,17.8,06433,Groß-Gerau,Landkreis
13.6,22.5,15.8,2.1,81.3,10.2,490,0.5145631067961165,18,06434,Hochtaunuskreis,Landkreis
26,21.3,15.1,2.4,75.5,14.7,299,0.5073891625615763,16.7,06435,Main-Kinzig-Kreis,Landkreis
15.6,21.2,15.9,2.1,80.4,10.6,1066,0.5098039215686274,18,06436,Main-Taunus-Kreis,Landkreis
28,23.3,13.2,0.9,75.3,13.1,155,0.504950495049505,15.8,06437,Odenwaldkreis,Landkreis
22,21.1,18.6,2.3,77.4,11.9,987,0.5073891625615763,17.4,06438,Offenbach,Landkreis
22.6,22.7,11.8,2.3,79.5,11.6,230,0.5073891625615763,16.299999999999997,06439,Rheingau-Taunus-Kreis,Landkreis
24.6,20.9,12.3,2,77.1,12.3,277,0.504950495049505,16.700000000000003,06440,Wetteraukreis,Landkreis
31.9,19.2,11.6,3.8,76,12.1,312,0.5073891625615763,15.8,06531,Gießen,Landkreis
28.3,21.9,10.5,2.4,72.5,13.9,238,0.5073891625615763,16.5,06532,Lahn-Dill-Kreis,Landkreis
29.6,21.2,11.2,2.4,75.1,12.7,233,0.5024875621890548,16.8,06533,Limburg-Weilburg,Landkreis
30.8,19.4,11.1,2.2,76.8,11.5,195,0.5073891625615763,16.1,06534,Marburg-Biedenkopf,Landkreis
29.2,24,6.9,1.9,74.3,14.1,73,0.5,15.1,06535,Vogelsbergkreis,Landkreis
38,19.5,17.5,5.3,72,9.9,1880,0.5098039215686274,15.7,06611,"Kassel, Stadt",krsfr. Stadt
28.5,20.9,8.5,2.1,75.8,16.2,161,0.5024875621890548,17.1,06631,Fulda,Landkreis
30.7,23.8,9,1.8,74.9,14.7,110,0.5,16.1,06632,Hersfeld-Rotenburg,Landkreis
27.6,24.7,6.9,0,77.4,11.3,183,0.5098039215686274,15.6,06633,Kassel,Landkreis
28.6,23,7,2,76.6,12.9,117,0.5,15.8,06634,Schwalm-Eder-Kreis,Landkreis
29.4,23,8.1,2.4,73.9,12.4,85,0.5,16.299999999999997,06635,Waldeck-Frankenberg,Landkreis
31.6,25.4,7,2.1,74,11.2,99,0.504950495049505,14.7,06636,Werra-Meißner-Kreis,Landkreis
34.8,21.6,12.7,3.1,74.5,8.4,1082,0.5145631067961165,14.7,07111,"Koblenz, Stadt",krsfr. Stadt
27.7,24.3,9.1,2.2,78.5,8.8,164,0.5098039215686274,15.3,07131,Ahrweiler,Landkreis
29.6,22,7.2,1.6,74.6,10.9,200,0.504950495049505,16.4,07132,Altenkirchen (Westerwald),Landkreis
27.8,23,9.8,1.9,75.8,11.6,182,0.5121951219512195,16.3,07133,Bad Kreuznach,Landkreis
31,24.1,7.7,1.7,72.5,12,104,0.504950495049505,15.100000000000001,07134,Birkenfeld,Landkreis
27.8,24,7,1.6,77.3,8.5,89,0.5,15.3,07135,Cochem-Zell,Landkreis
28.1,21.6,7.6,2.1,75.9,10.1,261,0.5073891625615763,16.3,07137,Mayen-Koblenz,Landkreis
28.9,22.1,9.1,2,75,10.6,290,0.5073891625615763,16.9,07138,Neuwied,Landkreis
26.8,22.3,7.4,1.5,77.2,9.8,104,0.5024875621890548,16.2,07140,Rhein-Hunsrück-Kreis,Landkreis
28.3,23.1,8.3,1.8,76.8,10.9,156,0.504950495049505,15.8,07141,Rhein-Lahn-Kreis,Landkreis
25.2,20.9,8.5,1.4,76.9,10.8,203,0.5024875621890548,16.9,07143,Westerwaldkreis,Landkreis
35.6,17.7,13.1,3.9,74.2,7.8,940,0.5073891625615763,14.2,07211,"Trier, Stadt",krsfr. Stadt
30.2,22.5,9.4,1.6,77.1,8.4,96,0.5,16.1,07231,Bernkastel-Wittlich,Landkreis
31.5,20.5,12.1,1.2,75.1,7.4,60,0.49748743718592964,16.9,07232,Eifelkreis Bitburg-Prüm,Landkreis
29.6,23.9,7.1,1.3,76.9,8.2,67,0.49748743718592964,15.4,07233,Vulkaneifel,Landkreis
29.8,20.3,10.1,1.2,80.3,8.1,135,0.504950495049505,17,07235,Trier-Saarburg,Landkreis
31.3,22.9,16.3,1.9,72.5,16.5,1103,0.5169082125603864,16.9,07311,"Frankenthal (Pfalz), Stadt",krsfr. Stadt
35.2,20.2,15.5,2.6,70.3,13.7,714,0.494949494949495,14.5,07312,"Kaiserslautern, Stadt",krsfr. Stadt
28.8,19,9.9,2.3,76.9,10,558,0.5283018867924528,15.2,07313,"Landau in der Pfalz, Stadt",krsfr. Stadt
35,19.1,25,2.7,69,16.3,2176,0.5024875621890548,18.1,07314,"Ludwigshafen am Rhein, Stadt",krsfr. Stadt
36,17.5,17.9,2.4,80.2,7.3,2201,0.5145631067961165,14.8,07315,"Mainz, Stadt",krsfr. Stadt
29.4,24,10.6,2,77.8,12,456,0.5121951219512195,15.8,07316,"Neustadt an der Weinstraße, Stadt",krsfr. Stadt
35.5,25.2,11.2,3.2,67.1,16.1,662,0.5098039215686274,15.1,07317,"Pirmasens, Stadt",krsfr. Stadt
33,22.1,14.9,2.4,75.4,13.5,1192,0.5145631067961165,16.1,07318,"Speyer, Stadt",krsfr. Stadt
33.6,20.3,16.5,2.3,72.3,15,764,0.5073891625615763,17.2,07319,"Worms, Stadt",krsfr. Stadt
34.4,23,9.7,2.2,70.5,14.5,485,0.504950495049505,15.5,07320,"Zweibrücken, Stadt",krsfr. Stadt
24.4,19.6,9.1,1.7,79.7,13.8,219,0.5024875621890548,17.1,07331,Alzey-Worms,Landkreis
23.7,23.9,8.3,1.6,80.3,12.4,223,0.5098039215686274,15.5,07332,Bad Dürkheim,Landkreis
27.4,21.3,7.4,1.5,75.1,13.7,116,0.504950495049505,16.6,07333,Donnersbergkreis,Landkreis
24.1,19.5,11.9,1.5,77.5,16.3,277,0.5024875621890548,16.9,07334,Germersheim,Landkreis
28.2,21.4,8,1.5,75.8,14,165,0.5073891625615763,17,07335,Kaiserslautern,Landkreis
27.2,23.5,6,1.7,75.8,14,123,0.5024875621890548,15.1,07336,Kusel,Landkreis
25.3,22.7,7.2,1.2,79.8,12.2,173,0.5073891625615763,15.899999999999999,07337,Südliche Weinstraße,Landkreis
20.3,22.5,9.9,1.6,80.9,13.8,504,0.5073891625615763,16.5,07338,Rhein-Pfalz-Kreis,Landkreis
19.9,20.4,9.6,1.7,81.9,9.8,347,0.5073891625615763,17.2,07339,Mainz-Bingen,Landkreis
27.3,24.7,4,1,79.1,12.9,100,0.5073891625615763,14.2,07340,Südwestpfalz,Landkreis
30.5,17.9,24.6,2.3,79.1,8.8,3052,0.5,15.5,08111,"Stuttgart, Stadt",krsfr. Stadt
20,19.8,18,1.7,79.5,11.7,631,0.5024875621890548,17.799999999999997,08115,Böblingen,Landkreis
19.6,20.4,16.9,1.9,80.1,11.7,830,0.5,16.9,08116,Esslingen,Landkreis
22.9,21.4,15.9,1.9,76.2,14.7,399,0.5024875621890548,16.9,08117,Göppingen,Landkreis
20.7,19.7,17.5,1.8,79.9,11.9,790,0.504950495049505,17.7,08118,Ludwigsburg,Landkreis
20.6,20.9,15.6,1.8,78.7,13.7,495,0.504950495049505,17.1,08119,Rems-Murr-Kreis,Landkreis
31.9,19.5,24.6,2.8,72,16.4,1253,0.494949494949495,17.4,08121,"Heilbronn, Stadt",krsfr. Stadt
21.9,19.1,13.9,1.5,78.5,15.7,310,0.49748743718592964,17.5,08125,Heilbronn,Landkreis
22.1,19.2,10.4,1.4,76.4,14.8,143,0.494949494949495,17.5,08126,Hohenlohekreis,Landkreis
25.1,19,10.6,1.4,74.5,14.5,131,0.49748743718592964,17.8,08127,Schwäbisch Hall,Landkreis
24.8,22.2,8.7,1.5,77.6,13.6,101,0.5024875621890548,16.4,08128,Main-Tauber-Kreis,Landkreis
24.7,21.8,14.6,1.8,74.9,13.3,210,0.5024875621890548,17.2,08135,Heidenheim,Landkreis
24.6,20.4,10.5,1.1,76.5,12.3,207,0.5024875621890548,17.200000000000003,08136,Ostalbkreis,Landkreis
26.1,26.2,18.8,3.1,74.9,10.7,390,0.5192307692307693,14.2,08211,"Baden-Baden, Stadt",krsfr. Stadt
35.1,18.3,18.5,1.8,77,10.4,1799,0.48717948717948717,14.299999999999999,08212,"Karlsruhe, Stadt",krsfr. Stadt
24.2,20.9,12.8,1.5,78.8,13.6,408,0.5024875621890548,16.6,08215,Karlsruhe,Landkreis
25.5,21.3,13.3,1.8,75.3,13.2,312,0.5024875621890548,16.4,08216,Rastatt,Landkreis
33.2,16.2,20.6,1.7,81.2,7.8,1475,0.5192307692307693,14,08221,"Heidelberg, Stadt",krsfr. Stadt
37.1,18.5,23.3,1,72.3,12.8,2125,0.5,15.4,08222,"Mannheim, Stadt",krsfr. Stadt
27.5,21.3,9.5,1.5,75.4,14.1,127,0.49748743718592964,16.4,08225,Neckar-Odenwald-Kreis,Landkreis
25,21.3,12.3,1.7,79.3,12.8,515,0.5073891625615763,16.9,08226,Rhein-Neckar-Kreis,Landkreis
31,20.3,25.3,4,68.4,19.3,1267,0.5098039215686274,17.6,08231,"Pforzheim, Stadt",Landkreis
23.8,20.5,14.6,1.6,77.2,15.2,197,0.49748743718592964,17.3,08235,Calw,Landkreis
19.4,20.9,12.8,1.5,79.5,14.9,346,0.504950495049505,17.2,08236,Enzkreis,Landkreis
24.4,20.4,11.3,1.7,75.8,14.7,135,0.5,17.3,08237,Freudenstadt,Landkreis
38.4,16.3,17.1,2.3,80.4,7.2,1500,0.5238095238095238,15.9,08311,"Freiburg im Breisgau, Stadt",krsfr. Stadt
24.9,21.5,11.6,1.9,80,9.3,190,0.5073891625615763,17.4,08315,Breisgau-Hochschwarzwald,Landkreis
24.2,20.6,10,1.8,78.7,10,242,0.504950495049505,17.3,08316,Emmendingen,Landkreis
25.1,20.6,11,1.7,74.4,12,229,0.5024875621890548,17.4,08317,Ortenaukreis,Landkreis
23.6,20.9,11,1.9,75.9,13.8,180,0.5,17.6,08325,Rottweil,Landkreis
26.2,22.1,14.7,1.3,74.6,12.8,206,0.5024875621890548,16.5,08326,Schwarzwald-Baar-Kreis,Landkreis
24,19.4,15.7,1.7,74.7,14.1,190,0.49748743718592964,18.6,08327,Tuttlingen,Landkreis
28.7,20.7,14.6,1.9,76.7,10.3,347,0.5121951219512195,16.4,08335,Konstanz,Landkreis
27.7,20.1,14.6,1.7,74.6,10.9,283,0.5098039215686274,17.5,08336,Lörrach,Landkreis
25,20.9,15,1.6,73.9,10.5,150,0.504950495049505,17.8,08337,Waldshut,Landkreis
24.1,20.3,15.3,1.9,78.1,12.9,262,0.5024875621890548,17.2,08415,Reutlingen,Landkreis
28.4,17,13.3,1.9,82,8.8,435,0.5121951219512195,16.9,08416,Tübingen,Landkreis
22.5,21.9,12.1,0.7,74.3,14.6,205,0.504950495049505,16.4,08417,Zollernalbkreis,Landkreis
31.1,18.4,19.3,2.6,77.5,10.2,1058,0.504950495049505,16.2,08421,"Ulm, Stadt",krsfr. Stadt
21,19.1,12.6,1.6,79.8,12.5,143,0.494949494949495,18.200000000000003,08425,Alb-Donau-Kreis,Landkreis
22.2,18.4,10,1.7,78.1,12.6,141,0.49748743718592964,18.5,08426,Biberach,Landkreis
23.7,22.4,12.9,1.8,79.2,10.3,323,0.5073891625615763,16.8,08435,Bodenseekreis,Landkreis
25.9,19.5,10.7,1.7,77.4,10.4,174,0.5024875621890548,17.7,08436,Ravensburg,Landkreis
26.8,20.1,10.3,1.7,75.6,12.9,108,0.5,17.4,08437,Sigmaringen,Landkreis
29.4,18.5,17.6,2.1,70.9,15.3,1014,0.494949494949495,16.5,09161,"Ingolstadt, Stadt",krsfr. Stadt
32.3,17.8,25.5,2.3,78.2,8.4,4686,0.5145631067961165,15.7,09162,"München, Stadt",krsfr. Stadt
28.9,20.1,20.5,2,73.7,14.7,1695,0.5073891625615763,16.4,09163,"Rosenheim, Stadt",krsfr. Stadt
26,21.7,10.8,1.7,74.3,13.6,194,0.5073891625615763,16.8,09171,Altötting,Landkreis
30.1,23.6,15.7,1.2,75.3,13.1,125,0.5098039215686274,15.399999999999999,09172,Berchtesgadener Land,Landkreis
21,21.2,12.2,1.7,79.3,11.9,114,0.5073891625615763,17.4,09173,Bad Tölz-Wolfratshausen,Landkreis
17.9,18.3,15.4,1.2,81.1,12.3,264,0.5,17.6,09174,Dachau,Landkreis
12.9,18.7,12.9,1,83.7,10.3,256,0.5,18.8,09175,Ebersberg,Landkreis
19.8,17.4,8.9,1.5,81.7,14.7,108,0.49238578680203043,18.5,09176,Eichstätt,Landkreis
18,16.7,11.1,1,80.4,13.5,157,0.494949494949495,18.1,09177,Erding,Landkreis
20.1,15.7,16.8,1.3,80.2,12.3,223,0.4897959183673469,17.6,09178,Freising,Landkreis
16,21.5,14.3,1.3,82.1,10.9,501,0.5098039215686274,17.6,09179,Fürstenfeldbruck,Landkreis
27.5,25,12.7,1.5,79.3,12.6,87,0.5145631067961165,15.3,09180,Garmisch-Partenkirchen,Landkreis
20.6,19.7,8.3,1.4,81.4,10.9,148,0.5,17.799999999999997,09181,Landsberg am Lech,Landkreis
20.6,22.6,12.1,0.8,80,11.4,115,0.5098039215686274,16.5,09182,Miesbach,Landkreis
25.1,19.8,11.5,1.3,75.4,15.5,142,0.494949494949495,17,09183,Mühldorf a.Inn,Landkreis
15,20.5,17.1,1.3,83.5,9.4,522,0.5024875621890548,18.2,09184,München,Landkreis
24,18.8,10,1.4,77.3,15.1,130,0.49748743718592964,17.7,09185,Neuburg-Schrobenhausen,Landkreis
21.5,17.9,10.8,1,77.2,15.2,166,0.4897959183673469,17.4,09186,Pfaffenhofen a.d.Ilm,Landkreis
23.2,21.1,10,1.1,80,13.7,180,0.504950495049505,17.2,09187,Rosenheim,Landkreis
9.3,22.8,13.9,1.3,84.1,8.8,278,0.5145631067961165,18.1,09188,Starnberg,Landkreis
25.3,22.6,9.7,1.3,77.3,11.4,115,0.504950495049505,16.3,09189,Traunstein,Landkreis
25.3,21.4,9.2,1.3,80.3,11.7,139,0.5024875621890548,17.299999999999997,09190,Weilheim-Schongau,Landkreis
29.6,20.6,17.5,1.7,74.3,13,1081,0.5145631067961165,15.4,09261,"Landshut, Stadt",krsfr. Stadt
33.4,21.5,14.1,2.4,73.3,12.7,744,0.5192307692307693,12.8,09262,"Passau, Stadt",krsfr. Stadt
29.1,21.2,15.4,2.4,67.4,17.2,704,0.49748743718592964,14.5,09263,"Straubing, Stadt",krsfr. Stadt
29.4,20,8.4,2.5,70.9,18.4,138,0.5024875621890548,16.1,09271,Deggendorf,Landkreis
31.5,21.3,4.5,0.7,71.9,20.1,80,0.5,15.3,09272,Freyung-Grafenau,Landkreis
26.4,18.3,11.7,1.1,75.6,14.9,114,0.49238578680203043,17.6,09273,Kelheim,Landkreis
25.3,18.4,9.3,0.9,78.7,15.1,117,0.49238578680203043,17.8,09274,Landshut,Landkreis
29.3,21.7,7.3,1,73.5,17.2,125,0.5024875621890548,15.9,09275,Passau,Landkreis
33.3,22,5.9,1.2,71.9,20.7,79,0.5,15.6,09276,Regen,Landkreis
28.2,21.1,9.5,1,73.4,15.3,94,0.5,16.3,09277,Rottal-Inn,Landkreis
26.9,19.3,6.9,0.9,77.9,17.1,83,0.49748743718592964,17.1,09278,Straubing-Bogen,Landkreis
26.6,18.8,11.5,0.9,72.5,18.3,109,0.4845360824742268,16.4,09279,Dingolfing-Landau,Landkreis
34,23.3,10.5,2.4,70.1,14.9,843,0.5073891625615763,15.1,09361,"Amberg, Stadt",krsfr. Stadt
34.2,17.2,15.8,2.9,76,10.8,1866,0.5145631067961165,14.4,09362,"Regensburg, Stadt",krsfr. Stadt
34.2,23.1,10.8,2.7,69.8,14.6,603,0.5169082125603864,14.9,09363,"Weiden i.d.OPf., Stadt",krsfr. Stadt
29.3,20.8,5.4,0.9,78.5,13,82,0.5,15.7,09371,Amberg-Sulzbach,Landkreis
32,20.8,5.4,0.8,73.5,18,84,0.49748743718592964,15.899999999999999,09372,Cham,Landkreis
26.1,18.8,8.2,0.8,80,12,99,0.494949494949495,17,09373,Neumarkt i.d.OPf.,Landkreis
29.8,20.7,4.5,0.8,78.6,13.9,66,0.5024875621890548,15.9,09374,Neustadt a.d.Waldnaab,Landkreis
26.6,19,8.1,0.8,79.7,14.4,138,0.49748743718592964,17.3,09375,Regensburg,Landkreis
30.9,20.3,7.5,1.1,75.5,16.8,100,0.49748743718592964,16,09376,Schwandorf,Landkreis
31.7,22.5,4.1,0.9,78.3,12.3,67,0.5024875621890548,15.200000000000001,09377,Tirschenreuth,Landkreis
33.1,19.2,14.2,4,75.6,11.4,1413,0.5192307692307693,14.5,09461,"Bamberg, Stadt",krsfr. Stadt
33.7,21.5,11.1,5.2,72.8,9.6,1106,0.5121951219512195,12.8,09462,"Bayreuth, Stadt",krsfr. Stadt
33.1,23.5,10.6,1.8,73.5,10.7,854,0.5145631067961165,14.100000000000001,09463,"Coburg, Stadt",krsfr. Stadt
34.4,23.9,16.4,4.5,69.8,13.9,792,0.5192307692307693,15.7,09464,"Hof, Stadt",krsfr. Stadt
25.9,18.7,4.7,0.5,80.8,15.5,126,0.5,17,09471,Bamberg,Landkreis
29.9,22.1,3.6,0.4,79.3,10.9,82,0.504950495049505,16,09472,Bayreuth,Landkreis
26.8,22.9,5.3,0.7,78,12,147,0.504950495049505,15.6,09473,Coburg,Landkreis
24.2,20,6.5,1,81.3,11.8,180,0.5024875621890548,16.799999999999997,09474,Forchheim,Landkreis
31.2,25.6,5.5,0.7,77.8,12.4,107,0.5121951219512195,14.6,09475,Hof,Landkreis
27.1,23.9,4.7,0.7,76.5,11.8,104,0.5073891625615763,14.2,09476,Kronach,Landkreis
30.3,23.8,4.5,0.8,77.3,11.4,109,0.5073891625615763,14.600000000000001,09477,Kulmbach,Landkreis
29.5,22.2,5.3,0.9,75.6,13.2,128,0.504950495049505,15.4,09478,Lichtenfels,Landkreis
33.1,26.2,8.1,1.5,74.5,13.8,121,0.5121951219512195,14.5,09479,Wunsiedel i.Fichtelgebirge,Landkreis
29.5,21.4,12.9,3.1,71,13.2,417,0.521531100478469,16.3,09561,"Ansbach, Stadt",krsfr. Stadt
29.7,17.9,17.2,1.9,80.1,8,1442,0.5024875621890548,15.7,09562,"Erlangen, Stadt",krsfr. Stadt
32.3,18.3,18.7,1.8,73.1,11.9,1997,0.5098039215686274,16.2,09563,"Fürth, Stadt",krsfr. Stadt
35.3,20.2,21.9,3.1,73.7,12,2763,0.5145631067961165,15.8,09564,"Nürnberg, Stadt",krsfr. Stadt
26.4,21.8,12.1,1.7,76.3,11.9,1000,0.5121951219512195,16.9,09565,"Schwabach, Stadt",krsfr. Stadt
26.9,19.8,8.1,1.1,77.3,11.7,93,0.49748743718592964,17.1,09571,Ansbach,Landkreis
20.4,20.2,8.2,0.9,82.6,10.5,240,0.5024875621890548,17.6,09572,Erlangen-Höchstadt,Landkreis
22.4,22.8,6.5,1,80.9,12.1,378,0.5145631067961165,16.3,09573,Fürth,Landkreis
21.2,22.2,8.6,1.2,81.8,11.4,212,0.5073891625615763,16.4,09574,Nürnberger Land,Landkreis
27.9,20.6,7.5,1.2,77.5,10.9,79,0.5,16.700000000000003,09575,Neustadt a.d.Aisch-Bad Windsheim,Landkreis
24.9,20.6,6.9,1.9,80.2,11.7,141,0.5024875621890548,16.7,09576,Roth,Landkreis
28.9,21.6,8.8,1.3,74.4,11.3,97,0.5024875621890548,16.6,09577,Weißenburg-Gunzenhausen,Landkreis
31.4,20.7,15.9,2.5,72.6,12,1120,0.5145631067961165,15.9,09661,"Aschaffenburg, Stadt",krsfr. Stadt
34.2,23.8,17.7,12.4,68.5,15.6,1497,0.5098039215686274,15.9,09662,"Schweinfurt, Stadt",krsfr. Stadt
34.1,20,11.2,2.2,76.9,8,1446,0.521531100478469,12.399999999999999,09663,"Würzburg, Stadt",krsfr. Stadt
24.8,21.1,9.1,1,80.3,11.5,249,0.5024875621890548,16.2,09671,Aschaffenburg,Landkreis
29.3,24.1,5.3,1,78.1,11.4,91,0.5073891625615763,15.4,09672,Bad Kissingen,Landkreis
30.4,21.7,4.6,0.8,77.7,10.4,78,0.5024875621890548,16.5,09673,Rhön-Grabfeld,Landkreis
28.1,20.4,4.5,0.9,80.2,12.9,88,0.49748743718592964,16.5,09674,Haßberge,Landkreis
28.8,20.4,8.6,1,78.6,10.9,132,0.49748743718592964,16.4,09675,Kitzingen,Landkreis
25.6,21,10.8,1,78.6,11.3,180,0.5024875621890548,16.5,09676,Miltenberg,Landkreis
24.5,22.5,6.6,0.8,80.3,10.4,96,0.5024875621890548,15.5,09677,Main-Spessart,Landkreis
26.2,21.4,5.5,0.7,81.1,12,137,0.5,16.3,09678,Schweinfurt,Landkreis
26.8,20.9,6,0.8,83.3,9.1,167,0.5024875621890548,16.5,09679,Würzburg,Landkreis
36.6,19.5,21,3.3,71.8,13.6,1994,0.5098039215686274,15.2,09761,"Augsburg, Stadt",krsfr. Stadt
31.9,22.9,14.7,1.7,71.2,14,1086,0.5073891625615763,16.5,09762,"Kaufbeuren, Stadt",krsfr. Stadt
31.8,22.2,15.9,1.6,71.5,13.4,1080,0.504950495049505,15.5,09763,"Kempten (Allgäu), Stadt",krsfr. Stadt
27.3,21.6,17.8,1.7,72.7,15.3,620,0.504950495049505,16.7,09764,"Memmingen, Stadt",krsfr. Stadt
18.3,19.6,8,0.9,80.4,14.3,170,0.5,17.9,09771,Aichach-Friedberg,Landkreis
19.6,20.3,9.2,1,78.5,13.8,233,0.5024875621890548,17.5,09772,Augsburg,Landkreis
24.5,19.9,8.9,1.6,75.1,16.6,120,0.5,17.1,09773,Dillingen a.d.Donau,Landkreis
25.4,19.2,12.4,1.1,73.9,16,163,0.494949494949495,17.1,09774,Günzburg,Landkreis
24.9,20.1,14.1,1.1,76,14.2,334,0.504950495049505,17,09775,Neu-Ulm,Landkreis
27.3,22.5,12.9,1.1,77.7,9,251,0.5073891625615763,16.6,09776,Lindau (Bodensee),Landkreis
26.8,21,8.4,1,79.3,11.5,100,0.5024875621890548,17.6,09777,Ostallgäu,Landkreis
24.3,21,8.8,0.9,77.5,15.3,116,0.49748743718592964,17.2,09778,Unterallgäu,Landkreis
24.2,19.6,9.2,1.3,78.1,13.2,104,0.49238578680203043,17.299999999999997,09779,Donau-Ries,Landkreis
27.9,22.5,8.4,0.9,79.6,10.3,101,0.5073891625615763,16.3,09780,Oberallgäu,Landkreis
36.2,22.7,13.9,0,73.1,10,803,0.5098039215686274,14.7,10041,Regionalverband Saarbrücken,Landkreis
31.8,22.2,11.1,0,76.6,9.3,186,0.504950495049505,15.4,10042,Merzig-Wadern,Landkreis
33.6,24.1,9.2,0,73.5,10.9,534,0.5098039215686274,14.3,10043,Neunkirchen,Landkreis
31.5,23.6,9.8,13.1,75.8,10.1,426,0.5098039215686274,14.8,10044,Saarlouis,Landkreis
31.5,24.6,8.8,0,77.2,11.3,343,0.5145631067961165,14.4,10045,Saarpfalz-Kreis,Landkreis
25.9,24,5.1,0,79.9,8.3,185,0.504950495049505,14.100000000000001,10046,St. Wendel,Landkreis
40.3,19.2,17.6,2.5,74.7,12,4055,0.5073891625615763,16.2,11000,"Berlin, Stadt",krsfr. Stadt
39,27.3,4.8,2.2,64.7,17.3,313,0.504950495049505,13.799999999999999,12051,"Brandenburg an der Havel, Stadt",krsfr. Stadt
36.8,24.7,8.1,4.9,71.7,24.3,610,0.5073891625615763,14.3,12052,"Cottbus, Stadt",krsfr. Stadt
39.1,25.2,9.8,2.4,68.2,21.9,394,0.5169082125603864,14.3,12053,"Frankfurt (Oder), Stadt",krsfr. Stadt
34.8,19.6,8,2.3,78.1,12.8,933,0.5169082125603864,17.5,12054,"Potsdam, Stadt",krsfr. Stadt
34.9,23.3,3.8,1.1,73.4,20.6,122,0.504950495049505,16,12060,Barnim,Landkreis
34.6,23.8,4.4,1.1,75.2,21.4,74,0.504950495049505,15.700000000000001,12061,Dahme-Spreewald,Landkreis
37.1,27.4,2.8,1.2,73.1,24.2,54,0.5024875621890548,13.9,12062,Elbe-Elster,Landkreis
35.4,22.1,4,1.2,72.8,18,93,0.504950495049505,16.6,12063,Havelland,Landkreis
36.8,23.5,2.8,0.9,72.8,20.8,89,0.504950495049505,15.600000000000001,12064,Märkisch-Oderland,Landkreis
34.7,22.5,3.6,1.3,73.9,19.3,116,0.5073891625615763,16.5,12065,Oberhavel,Landkreis
37.1,28.3,3.2,1.2,70.7,25.9,91,0.5073891625615763,13.899999999999999,12066,Oberspreewald-Lausitz,Landkreis
36,25.8,3.9,2.7,71.7,22.1,79,0.5098039215686274,15,12067,Oder-Spree,Landkreis
38.2,24.7,3.5,1.5,67.1,18.5,39,0.5024875621890548,14.700000000000001,12068,Ostprignitz-Ruppin,Landkreis
32.3,21.9,4,0.9,76.8,15.4,82,0.504950495049505,17.2,12069,Potsdam-Mittelmark,Landkreis
38.4,27.4,4.2,1.8,68.5,18.3,36,0.5024875621890548,13.7,12070,Prignitz,Landkreis
36.5,27,3.2,0,73.7,28.9,70,0.5073891625615763,13.9,12071,Spree-Neiße,Landkreis
35.9,22.3,4.8,1.3,72.4,20,79,0.5024875621890548,16.1,12072,Teltow-Fläming,Landkreis
39.4,27,4,1.4,68.3,20.8,39,0.5098039215686274,14.4,12073,Uckermark,Landkreis
44.1,23.5,5.9,1.9,71.5,14.7,1149,0.5073891625615763,14,13003,"Rostock, Stadt",krsfr. Stadt
39.5,25.1,8.8,4.1,71.8,15.6,734,0.5192307692307693,15.6,13004,"Schwerin, Stadt",krsfr. Stadt
41,25,3.1,1.3,68.4,19.6,47,0.5098039215686274,15,13071,Mecklenburgische Seenplatte,Landkreis
40.1,23.2,3,1.1,72,18.2,63,0.5024875621890548,16.1,13072,Landkreis Rostock,Landkreis
42.2,25.4,3.9,1.2,68.6,20.5,70,0.5073891625615763,14.600000000000001,13073,Vorpommern-Rügen,Landkreis
39.8,22.9,3.4,1.1,69.7,17,74,0.5024875621890548,15.7,13074,Nordwestmecklenburg,Landkreis
42,24.5,4.1,1.1,68.9,22.7,60,0.5098039215686274,14.6,13075,Vorpommern-Greifswald,Landkreis
38.2,23.1,4.6,1.2,71,17.7,45,0.5,15.299999999999999,13076,Ludwigslust-Parchim,Landkreis
41.4,27.6,7.4,3,74.5,24.3,1117,0.5073891625615763,14.9,14511,"Chemnitz, Stadt",krsfr. Stadt
39.7,28.8,1.9,0.8,74.5,28.9,186,0.5098039215686274,15.200000000000001,14521,Erzgebirgskreis,Landkreis
38.3,27.6,3.1,0.9,74.2,30.4,146,0.5024875621890548,15,14522,Mittelsachsen,Landkreis
39.8,29.5,3.3,1.2,73,26.4,163,0.5121951219512195,14.3,14523,Vogtlandkreis,Landkreis
39.4,28.8,3.1,1.1,72.2,26,337,0.5121951219512195,14.6,14524,Zwickau,Landkreis
40.3,21.8,7,1.8,78.4,22.5,1678,0.5024875621890548,16.6,14612,"Dresden, Stadt",krsfr. Stadt
37.3,26.9,2,0.8,74.6,32.5,126,0.5073891625615763,15.899999999999999,14625,Bautzen,Landkreis
38.9,29.1,4.2,0.9,72.2,32.9,122,0.5098039215686274,14.9,14626,Görlitz,Landkreis
38.5,27,2.9,1,75,32.9,167,0.5073891625615763,15.899999999999999,14627,Meißen,Landkreis
38.3,27.1,2.6,0.8,76.2,35.5,148,0.5073891625615763,16.4,14628,Sächsische Schweiz-Osterzgebirge,Landkreis
43.6,20.5,9,2.5,74.4,18.3,1954,0.5098039215686274,15.8,14713,"Leipzig, Stadt",krsfr. Stadt
37.8,26.1,2.3,0.9,73.9,26.9,156,0.5098039215686274,15.6,14729,Leipzig,Landkreis
38.3,25.2,3.7,1.1,71.1,26.9,98,0.5024875621890548,15.4,14730,Nordsachsen,Landkreis
40.5,30.8,5.5,2.5,68.8,20.1,335,0.5145631067961165,13.299999999999999,15001,"Dessau-Roßlau, Stadt",krsfr. Stadt
42.8,23.9,9.1,3.6,69.7,17.1,1771,0.5169082125603864,15.5,15002,"Halle (Saale), Stadt",krsfr. Stadt
41.8,24.1,8.6,2.9,68.6,15.7,1186,0.5073891625615763,14.9,15003,"Magdeburg, Stadt",krsfr. Stadt
38,23.6,3.6,1.3,66.9,15.6,37,0.5,15.4,15081,Altmarkkreis Salzwedel,Landkreis
39.6,27.3,3.5,1,66.1,22.4,111,0.5098039215686274,13.6,15082,Anhalt-Bitterfeld,Landkreis
38.4,23.1,3.1,1.2,66.7,18.8,73,0.5,15.399999999999999,15083,Börde,Landkreis
40.8,27.3,5.1,1.3,66.9,24.3,129,0.5024875621890548,13.899999999999999,15084,Burgenlandkreis,Landkreis
38.6,27.5,3,0.8,65.9,16.5,103,0.5098039215686274,14,15085,Harz,Landkreis
40,25.2,3.4,1.1,67.7,19,57,0.5024875621890548,14.7,15086,Jerichower Land,Landkreis
40.8,28.9,2.9,1.4,65.7,23.9,95,0.5073891625615763,13.5,15087,Mansfeld-Südharz,Landkreis
39,25.1,3.5,1.4,69,24,129,0.504950495049505,15.1,15088,Saalekreis,Landkreis
41.2,27.4,3.1,1.1,63.3,20.4,135,0.5098039215686274,13.9,15089,Salzlandkreis,Landkreis
39.9,24.8,3.7,1.4,65.9,17.7,47,0.504950495049505,14.899999999999999,15090,Stendal,Landkreis
39.3,28,3.2,1.2,68.8,19.9,66,0.5073891625615763,13.8,15091,Wittenberg,Landkreis
40.4,21.9,7.4,2.5,74.7,18.5,789,0.5121951219512195,15.600000000000001,16051,"Erfurt, Stadt",krsfr. Stadt
41.4,28.4,5.8,3,71.3,28.5,623,0.5169082125603864,14.1,16052,"Gera, Stadt",krsfr. Stadt
36.2,21.1,8.9,2.3,78.4,14.4,968,0.5,15.4,16053,"Jena, Stadt",krsfr. Stadt
37,31.5,7,1.1,70.8,19.9,341,0.5121951219512195,12.3,16054,"Suhl, Stadt",krsfr. Stadt
38.9,22.8,8.2,2.3,74.9,16.1,763,0.5145631067961165,16.2,16055,"Weimar, Stadt",krsfr. Stadt
37.4,25.6,7.9,3,72,19,410,0.5073891625615763,15.2,16056,"Eisenach, Stadt",krsfr. Stadt
36,23.1,3.3,1.3,75.9,18.2,107,0.49748743718592964,17,16061,Eichsfeld,Landkreis
40.5,25.8,4.2,1.5,68.8,21.1,119,0.504950495049505,14.9,16062,Nordhausen,Landkreis
35.4,24.9,2.8,0.8,73.8,22.5,95,0.5,15.2,16063,Wartburgkreis,Landkreis
39.1,24.5,3.5,1.5,70.6,23.2,106,0.5024875621890548,16,16064,Unstrut-Hainich-Kreis,Landkreis
39.8,26.5,2.8,1.2,70.4,25,73,0.5024875621890548,14.5,16065,Kyffhäuserkreis,Landkreis
36.9,25.9,3.2,0.9,72.2,21.6,102,0.5,14.200000000000001,16066,Schmalkalden-Meiningen,Landkreis
37.4,24.8,5.4,1.1,72.4,23.2,145,0.5024875621890548,15.399999999999999,16067,Gotha,Landkreis
38,23.8,2.6,0.5,72.1,24.2,87,0.5,15.600000000000001,16068,Sömmerda,Landkreis
37.1,24.3,2.9,1.1,72.8,25.2,68,0.5,14.6,16069,Hildburghausen,Landkreis
38.7,25.4,5.3,1.3,75,25,129,0.49748743718592964,14.7,16070,Ilm-Kreis,Landkreis
39,23.4,3.5,1.1,75.3,23.7,102,0.5024875621890548,16.5,16071,Weimarer Land,Landkreis
36.8,27.4,4.1,1.5,70,25.6,130,0.5073891625615763,13.5,16072,Sonneberg,Landkreis
38,28.4,2.7,1.1,72.5,27,104,0.5073891625615763,13.8,16073,Saalfeld-Rudolstadt,Landkreis
36,25.4,2.9,0.2,75.9,23.5,102,0.5024875621890548,15.2,16074,Saale-Holzland-Kreis,Landkreis
36.8,26.1,3.3,1.3,74.3,26.5,71,0.504950495049505,14.8,16075,Saale-Orla-Kreis,Landkreis
38.4,28.5,2.3,0.7,74.8,25.6,117,0.5073891625615763,13.9,16076,Greiz,Landkreis
40.3,29.9,3.2,1.4,71,27.5,159,0.5098039215686274,13.6,16077,Altenburger Land,Landkreis
